month,avg_pressure
6,745.0544217687075
5,748.5570469798657
7,795.1056338028169
4,806.3298969072165
12,842.156626506024
11,857.0144927536232
1,862.4885057471264
8,873.8297872340426
3,877.3229166666666
10,887.3125
2,889.4550561797753
9,913.3059701492538
