month,avg_pressure
1,862.4885057471264
2,889.4550561797753
3,877.3229166666666
4,806.3298969072165
5,748.5570469798657
6,745.0544217687075
7,795.1056338028169
8,873.8297872340426
9,913.3059701492538
10,887.3125
11,857.0144927536232
12,842.156626506024
